{
  "shortId": [
    {
      "id": "0",
      "currentId": 103
    }
  ],
  "userData": [
    {
      "userName": "warcraft3",
      "userPassword": "Whoisyourdaddy",
      "id": "warcraft3"
    },
    {
      "userName": "testName",
      "userPassword": "testPassword",
      "id": "testName"
    },
    {
      "userName": "test",
      "userPassword": "test",
      "id": "test"
    }
  ],
  "contract": [
    {
      "id": "37",
      "marketerId": 5,
      "customerId": 54,
      "entrustId": "16",
      "status": {
        "stage": "cupidatat proident occaecat",
        "message": "deserunt sed eiusmod nulla eu"
      },
      "serialNumber": "56",
      "projectName": "战道场东火",
      "partyA": {
        "companyCH": "deserunt aliquip magna quis consectetur",
        "companyEN": "deserunt ut labore irure",
        "companyPhone": "19874573309",
        "companyWebsite": "incididunt quis ad in",
        "companyAddress": "广东省揭阳市屯门区",
        "contact": "sed",
        "contactPhone": "18150628131",
        "contactEmail": "y.jwiphex@qq.com",
        "representative": "irure Excepteur aliqua ullamco reprehenderit",
        "sigDate": "1970-08-07",
        "zipCode": "55",
        "fax": "magna nulla in aliqua laborum",
        "bankName": "选后多",
        "account": "anim cillum velit",
        "accountName": "些北只写"
      },
      "partyB": {
        "companyCH": "nisi Ut do",
        "companyEN": "in ex nisi aute",
        "companyPhone": "18117438444",
        "companyWebsite": "cupidatat sint in",
        "companyAddress": "吉林省保定市赞皇县",
        "contact": "ad reprehenderit",
        "contactPhone": "18687381817",
        "contactEmail": "u.rsqfyt@qq.com",
        "representative": "sit sint ad ipsum",
        "sigDate": "2006-08-28",
        "zipCode": "8",
        "fax": "commodo ipsum aliquip pariatur",
        "bankName": "九保内土大",
        "account": "ea",
        "accountName": "政没是情产产"
      },
      "signedAt": "veniam sit",
      "signedDate": "1998-07-27",
      "targetSoftware": "proident irure amet aliqua",
      "price": 82,
      "totalWorkingDays": 78,
      "rectificationLimit": 98,
      "rectificationDaysEachTime": 318572720472,
      "nonDisclosureAgreement": {
        "partyAName": "将还空",
        "partyBName": "车满问"
      }
    }
  ],
  "entrust": [
    {
      "id": "102",
      "testType": [
        "软件确认测试",
        "专项资金验收测试",
        "996压力测试"
      ],
      "principal": {
        "companyCH": "豪俊影视有限公司",
        "companyEN": "HaojunTV",
        "companyPhone": "0800-092",
        "companyWebsite": "www.haojun.org",
        "companyAddress": "广东省揭阳市榕城区S236(望江北路)",
        "contact": "梁启超",
        "contactPhone": "15992510344",
        "contactEmail": "muji@caoshan.com",
        "representative": "蜘猪侠",
        "sigDate": "2022-05-25",
        "zipCode": "517000",
        "fax": "114514",
        "bankName": "江苏省富荣农业生产合作社银行",
        "account": "300029555028860932920221657",
        "accountName": "蔡润发"
      },
      "software": {
        "name": "疫演盯帧舆情监控软件",
        "version": "Beta0.3",
        "developer": "江苏省公安厅网络信息中心",
        "developerType": "内资企业",
        "userDescription": "在座的各位",
        "functionIntro": "你访问的信息涉嫌**",
        "functionNums": "12",
        "functionPoint": "108",
        "codeLine": "2000",
        "type": "嵌入式操作系统",
        "clientOS": [
          "Windows v10.1",
          "Linux v9.8",
          "小霸王学习机"
        ],
        "clientMemoryRequirement": "4096",
        "clientOtherRequirement": "暂无",
        "serverHardArch": [
          "PC服务器",
          "UNIX/Linux服务器",
          "单片机"
        ],
        "servHardMemoryRequirement": "100000",
        "servHardDiskRequirement": "100000",
        "servHardOtherRequirement": "吞吐量2TB/s",
        "servSoftOS": "XP",
        "servSoftVersion": "10",
        "servSoftProgramLang": "Ruby",
        "servSoftArch": [
          "C/S",
          "B/S"
        ],
        "servSoftDB": "mysql",
        "servSoftMiddleware": "k8s",
        "networkEnvironment": "太阳风",
        "modules": [
          {
            "title": "海鸥",
            "functions": [
              {
                "functionName": "会飞的代码",
                "functionDescription": "请用头转成螺旋桨。"
              },
              {
                "functionName": "思考人生",
                "functionDescription": "去码头整点薯条。"
              }
            ],
            "moduleName": "海鸥"
          },
          {
            "functions": [
              {
                "functionName": "哈人的注入",
                "functionDescription": "rm -rf /*"
              },
              {
                "functionName": "奇怪的输入",
                "functionDescription": "🤡🐟"
              }
            ],
            "moduleName": "😱"
          }
        ],
        "serverSideOtherSupport": "小天才儿童画画版"
      },
      "testStandard": [
        "GB/T 16260.1-2006",
        "NST-03-WI13-2011"
      ],
      "techIndex": [
        "可靠性",
        "易用性",
        "效率",
        "缺陷检测率",
        "产品说明要求",
        "用户文档集要求",
        "美观性"
      ],
      "softwareMedium": [
        "光盘",
        "U盘",
        "gene"
      ],
      "document": "目前为字符串",
      "sampleHandling": "由本实验室销毁",
      "expectedTime": "就在今天"
    }
  ]
}