[{"success": 0, "all": 0, "fail": 0, "skip": 0, "error": 0, "runtime": "2.736842 S", "begin_time": "2022-07-08 00:51:53", "pass_rate": 0}, {"success": 0, "all": 0, "fail": 0, "skip": 0, "error": 0, "runtime": "5.333113 S", "begin_time": "2022-07-08 00:54:30", "pass_rate": 0}, {"success": 0, "all": 0, "fail": 0, "skip": 0, "error": 0, "runtime": "2.711270 S", "begin_time": "2022-07-08 00:56:06", "pass_rate": 0}, {"success": 2, "all": 19, "fail": 1, "skip": 0, "error": 16, "runtime": "133.567302 S", "begin_time": "2022-07-08 00:57:14", "pass_rate": "10.53"}, {"success": 2, "all": 19, "fail": 1, "skip": 0, "error": 16, "runtime": "188.033211 S", "begin_time": "2022-07-08 01:01:43", "pass_rate": "10.53"}, {"success": 1, "all": 7, "fail": 3, "skip": 0, "error": 3, "runtime": "209.611763 S", "begin_time": "2022-07-08 01:07:26", "pass_rate": "14.29"}, {"success": 0, "all": 19, "fail": 1, "skip": 0, "error": 18, "runtime": "10.766730 S", "begin_time": "2022-07-08 01:11:39", "pass_rate": "0.00"}, {"success": 0, "all": 19, "fail": 3, "skip": 0, "error": 16, "runtime": "74.313631 S", "begin_time": "2022-07-08 01:12:36", "pass_rate": "0.00"}, {"success": 0, "all": 0, "fail": 0, "skip": 0, "error": 0, "runtime": "23.032220 S", "begin_time": "2022-07-08 01:14:41", "pass_rate": 0}, {"success": 0, "all": 1, "fail": 1, "skip": 0, "error": 0, "runtime": "40.837892 S", "begin_time": "2022-07-08 01:15:13", "pass_rate": "0.00"}, {"success": 0, "all": 0, "fail": 0, "skip": 0, "error": 0, "runtime": "12.705493 S", "begin_time": "2022-07-08 01:15:55", "pass_rate": 0}, {"success": 0, "all": 0, "fail": 0, "skip": 0, "error": 0, "runtime": "20.103461 S", "begin_time": "2022-07-08 01:16:25", "pass_rate": 0}, {"success": 6, "all": 19, "fail": 13, "skip": 0, "error": 0, "runtime": "468.485714 S", "begin_time": "2022-07-08 01:16:46", "pass_rate": "31.58"}, {"success": 4, "all": 13, "fail": 6, "skip": 0, "error": 3, "runtime": "258.918435 S", "begin_time": "2022-07-08 01:38:18", "pass_rate": "30.77"}, {"success": 9, "all": 10, "fail": 1, "skip": 0, "error": 0, "runtime": "190.447776 S", "begin_time": "2022-07-08 01:44:04", "pass_rate": "90.00"}, {"success": 6, "all": 19, "fail": 13, "skip": 0, "error": 0, "runtime": "573.242688 S", "begin_time": "2022-07-08 02:17:40", "pass_rate": "31.58"}, {"success": 0, "all": 19, "fail": 2, "skip": 0, "error": 17, "runtime": "36.021788 S", "begin_time": "2022-07-08 02:36:13", "pass_rate": "0.00"}, {"success": 0, "all": 19, "fail": 1, "skip": 0, "error": 18, "runtime": "39.597508 S", "begin_time": "2022-07-08 02:37:53", "pass_rate": "0.00"}, {"success": 1, "all": 4, "fail": 3, "skip": 0, "error": 0, "runtime": "223.717025 S", "begin_time": "2022-07-08 02:39:01", "pass_rate": "25.00"}, {"success": 6, "all": 15, "fail": 1, "skip": 0, "error": 8, "runtime": "276.185050 S", "begin_time": "2022-07-08 02:44:05", "pass_rate": "40.00"}, {"success": 6, "all": 6, "fail": 0, "skip": 0, "error": 0, "runtime": "185.500136 S", "begin_time": "2022-07-08 02:53:29", "pass_rate": "100.00"}, {"success": 0, "all": 12, "fail": 1, "skip": 0, "error": 11, "runtime": "20.504394 S", "begin_time": "2022-07-08 02:57:43", "pass_rate": "0.00"}, {"success": 0, "all": 1, "fail": 1, "skip": 0, "error": 0, "runtime": "60.253356 S", "begin_time": "2022-07-08 03:01:01", "pass_rate": "0.00"}, {"success": 1, "all": 19, "fail": 5, "skip": 0, "error": 13, "runtime": "230.356830 S", "begin_time": "2022-07-08 03:32:15", "pass_rate": "5.26"}, {"success": 3, "all": 5, "fail": 2, "skip": 0, "error": 0, "runtime": "152.765992 S", "begin_time": "2022-07-08 03:36:36", "pass_rate": "60.00"}, {"success": 3, "all": 3, "fail": 0, "skip": 0, "error": 0, "runtime": "95.038932 S", "begin_time": "2022-07-08 03:41:14", "pass_rate": "100.00"}, {"success": 9, "all": 19, "fail": 10, "skip": 0, "error": 0, "runtime": "542.540942 S", "begin_time": "2022-07-08 03:45:04", "pass_rate": "47.37"}, {"success": 2, "all": 9, "fail": 6, "skip": 0, "error": 1, "runtime": "225.536501 S", "begin_time": "2022-07-08 10:07:50", "pass_rate": "22.22"}, {"success": 0, "all": 0, "fail": 0, "skip": 0, "error": 0, "runtime": "52.748119 S", "begin_time": "2022-07-08 10:12:47", "pass_rate": 0}, {"success": 0, "all": 1, "fail": 1, "skip": 0, "error": 0, "runtime": "34.363126 S", "begin_time": "2022-07-08 10:14:36", "pass_rate": "0.00"}, {"success": 1, "all": 3, "fail": 2, "skip": 0, "error": 0, "runtime": "129.451439 S", "begin_time": "2022-07-08 10:23:32", "pass_rate": "33.33"}, {"success": 0, "all": 6, "fail": 3, "skip": 0, "error": 3, "runtime": "126.678920 S", "begin_time": "2022-07-08 10:26:23", "pass_rate": "0.00"}, {"success": 0, "all": 1, "fail": 1, "skip": 0, "error": 0, "runtime": "61.568435 S", "begin_time": "2022-07-08 10:31:35", "pass_rate": "0.00"}, {"success": 2, "all": 3, "fail": 1, "skip": 0, "error": 0, "runtime": "132.421710 S", "begin_time": "2022-07-08 10:33:23", "pass_rate": "66.67"}, {"success": 0, "all": 1, "fail": 1, "skip": 0, "error": 0, "runtime": "54.541648 S", "begin_time": "2022-07-08 10:38:10", "pass_rate": "0.00"}, {"success": 0, "all": 2, "fail": 2, "skip": 0, "error": 0, "runtime": "84.780026 S", "begin_time": "2022-07-08 10:39:39", "pass_rate": "0.00"}, {"success": 1, "all": 1, "fail": 0, "skip": 0, "error": 0, "runtime": "42.423183 S", "begin_time": "2022-07-08 10:41:06", "pass_rate": "100.00"}, {"success": 1, "all": 2, "fail": 1, "skip": 0, "error": 0, "runtime": "55.448108 S", "begin_time": "2022-07-08 10:41:51", "pass_rate": "50.00"}, {"success": 0, "all": 5, "fail": 2, "skip": 0, "error": 3, "runtime": "72.044783 S", "begin_time": "2022-07-08 10:42:48", "pass_rate": "0.00"}, {"success": 0, "all": 0, "fail": 0, "skip": 0, "error": 0, "runtime": "30.746152 S", "begin_time": "2022-07-08 10:44:35", "pass_rate": 0}, {"success": 2, "all": 3, "fail": 1, "skip": 0, "error": 0, "runtime": "91.602792 S", "begin_time": "2022-07-08 10:45:07", "pass_rate": "66.67"}, {"success": 0, "all": 0, "fail": 0, "skip": 0, "error": 0, "runtime": "30.234556 S", "begin_time": "2022-07-08 10:46:50", "pass_rate": 0}, {"success": 1, "all": 1, "fail": 0, "skip": 0, "error": 0, "runtime": "26.709022 S", "begin_time": "2022-07-08 10:55:22", "pass_rate": "100.00"}, {"success": 0, "all": 0, "fail": 0, "skip": 0, "error": 0, "runtime": "33.346373 S", "begin_time": "2022-07-08 14:01:48", "pass_rate": 0}, {"success": 19, "all": 19, "fail": 0, "skip": 0, "error": 0, "runtime": "592.415648 S", "begin_time": "2022-07-08 14:05:45", "pass_rate": "100.00"}, {"success": 0, "all": 2, "fail": 1, "skip": 0, "error": 1, "runtime": "104.060774 S", "begin_time": "2022-07-08 15:11:38", "pass_rate": "0.00"}, {"success": 16, "all": 19, "fail": 3, "skip": 0, "error": 0, "runtime": "614.418602 S", "begin_time": "2022-07-08 15:15:04", "pass_rate": "84.21"}, {"success": 19, "all": 19, "fail": 0, "skip": 0, "error": 0, "runtime": "569.241189 S", "begin_time": "2022-07-08 15:29:13", "pass_rate": "100.00"}, {"success": 1, "all": 19, "fail": 2, "skip": 0, "error": 16, "runtime": "90.890932 S", "begin_time": "2022-07-08 20:41:03", "pass_rate": "5.26"}, {"success": 0, "all": 1, "fail": 1, "skip": 0, "error": 0, "runtime": "26.263143 S", "begin_time": "2022-07-08 20:45:08", "pass_rate": "0.00"}, {"success": 1, "all": 18, "fail": 0, "skip": 0, "error": 17, "runtime": "28.339396 S", "begin_time": "2022-07-08 20:45:36", "pass_rate": "5.56"}, {"success": 18, "all": 18, "fail": 0, "skip": 0, "error": 0, "runtime": "456.331097 S", "begin_time": "2022-07-08 20:47:40", "pass_rate": "100.00"}]